image_path,type,x_center,y_center,width,height
./data/images/flood_1.jpg,Flood,0.5,0.5,1.0,1.0
./data/images/flood_2.jpg,Flood,0.5,0.5,1.0,1.0
./data/images/flood_3.jpg,Flood,0.5,0.5,1.0,1.0
./data/images/flood_4.jpg,Flood,0.5,0.5,1.0,1.0
./data/images/flood_5.jpg,Flood,0.5,0.5,1.0,1.0
./data/images/flood_6.jpg,Flood,0.5,0.5,1.0,1.0
./data/images/flood_7.jpg,Flood,0.5,0.5,1.0,1.0
./data/images/flood_8.jpg,Flood,0.5,0.5,1.0,1.0
./data/images/flood_9.jpg,Flood,0.5,0.5,1.0,1.0
./data/images/flood_10.jpg,Flood,0.5,0.5,1.0,1.0
./data/images/flood_11.jpg,Flood,0.5,0.5,1.0,1.0
./data/images/flood_12.jpg,Flood,0.5,0.5,1.0,1.0
./data/images/flood_13.jpg,Flood,0.5,0.5,1.0,1.0
./data/images/flood_14.jpg,Flood,0.5,0.5,1.0,1.0
./data/images/flood_15.jpg,Flood,0.5,0.5,1.0,1.0
./data/images/flood_16.jpg,Flood,0.5,0.5,1.0,1.0
./data/images/flood_17.jpg,Flood,0.5,0.5,1.0,1.0
./data/images/flood_18.jpg,Flood,0.5,0.5,1.0,1.0
./data/images/flood_19.jpg,Flood,0.5,0.5,1.0,1.0
./data/images/flood_20.jpg,Flood,0.5,0.5,1.0,1.0
./data/images/flood_21.jpg,Flood,0.5,0.5,1.0,1.0
./data/images/flood_22.jpg,Flood,0.5,0.5,1.0,1.0
./data/images/flood_23.jpg,Flood,0.5,0.5,1.0,1.0
./data/images/flood_24.jpg,Flood,0.5,0.5,1.0,1.0
./data/images/flood_25.jpg,Flood,0.5,0.5,1.0,1.0
./data/images/flood_26.jpg,Flood,0.5,0.5,1.0,1.0
./data/images/flood_27.jpg,Flood,0.5,0.5,1.0,1.0
./data/images/flood_28.jpg,Flood,0.5,0.5,1.0,1.0
./data/images/flood_29.jpg,Flood,0.5,0.5,1.0,1.0
./data/images/flood_30.jpg,Flood,0.5,0.5,1.0,1.0
./data/images/flood_31.jpg,Flood,0.5,0.5,1.0,1.0
./data/images/flood_32.jpg,Flood,0.5,0.5,1.0,1.0
./data/images/flood_33.jpg,Flood,0.5,0.5,1.0,1.0
./data/images/flood_34.jpg,Flood,0.5,0.5,1.0,1.0
./data/images/flood_35.jpg,Flood,0.5,0.5,1.0,1.0
./data/images/flood_36.jpg,Flood,0.5,0.5,1.0,1.0
./data/images/flood_37.jpg,Flood,0.5,0.5,1.0,1.0
./data/images/flood_38.jpg,Flood,0.5,0.5,1.0,1.0
./data/images/flood_39.jpg,Flood,0.5,0.5,1.0,1.0
./data/images/flood_40.jpg,Flood,0.5,0.5,1.0,1.0
./data/images/flood_41.jpg,Flood,0.5,0.5,1.0,1.0
./data/images/flood_42.jpg,Flood,0.5,0.5,1.0,1.0
./data/images/flood_43.jpg,Flood,0.5,0.5,1.0,1.0
./data/images/flood_44.jpg,Flood,0.5,0.5,1.0,1.0
./data/images/flood_45.jpg,Flood,0.5,0.5,1.0,1.0
./data/images/flood_46.jpg,Flood,0.5,0.5,1.0,1.0
./data/images/flood_47.jpg,Flood,0.5,0.5,1.0,1.0
./data/images/flood_48.jpg,Flood,0.5,0.5,1.0,1.0
./data/images/flood_49.jpg,Flood,0.5,0.5,1.0,1.0
./data/images/flood_50.jpg,Flood,0.5,0.5,1.0,1.0
./data/images/flood_51.jpg,Flood,0.5,0.5,1.0,1.0
./data/images/flood_52.jpg,Flood,0.5,0.5,1.0,1.0
./data/images/flood_53.jpg,Flood,0.5,0.5,1.0,1.0
./data/images/flood_54.jpg,Flood,0.5,0.5,1.0,1.0
./data/images/flood_55.jpg,Flood,0.5,0.5,1.0,1.0
./data/images/flood_56.jpg,Flood,0.5,0.5,1.0,1.0
./data/images/flood_57.jpg,Flood,0.5,0.5,1.0,1.0
./data/images/flood_58.jpg,Flood,0.5,0.5,1.0,1.0
./data/images/flood_59.jpg,Flood,0.5,0.5,1.0,1.0
./data/images/flood_60.jpg,Flood,0.5,0.5,1.0,1.0
./data/images/flood_61.jpg,Flood,0.5,0.5,1.0,1.0
./data/images/flood_62.jpg,Flood,0.5,0.5,1.0,1.0
./data/images/flood_63.jpg,Flood,0.5,0.5,1.0,1.0
./data/images/flood_64.jpg,Flood,0.5,0.5,1.0,1.0
./data/images/flood_65.jpg,Flood,0.5,0.5,1.0,1.0
./data/images/flood_66.jpg,Flood,0.5,0.5,1.0,1.0
./data/images/flood_67.jpg,Flood,0.5,0.5,1.0,1.0
./data/images/flood_68.jpg,Flood,0.5,0.5,1.0,1.0
./data/images/flood_69.jpg,Flood,0.5,0.5,1.0,1.0
./data/images/flood_70.jpg,Flood,0.5,0.5,1.0,1.0
./data/images/flood_71.jpg,Flood,0.5,0.5,1.0,1.0
./data/images/flood_72.jpg,Flood,0.5,0.5,1.0,1.0
./data/images/flood_73.jpg,Flood,0.5,0.5,1.0,1.0
./data/images/flood_74.jpg,Flood,0.5,0.5,1.0,1.0
./data/images/flood_75.jpg,Flood,0.5,0.5,1.0,1.0
./data/images/flood_76.jpg,Flood,0.5,0.5,1.0,1.0
./data/images/flood_77.jpg,Flood,0.5,0.5,1.0,1.0
./data/images/flood_78.jpg,Flood,0.5,0.5,1.0,1.0
./data/images/flood_79.jpg,Flood,0.5,0.5,1.0,1.0
./data/images/flood_80.jpg,Flood,0.5,0.5,1.0,1.0
./data/images/flood_81.jpg,Flood,0.5,0.5,1.0,1.0
./data/images/flood_82.jpg,Flood,0.5,0.5,1.0,1.0
./data/images/flood_83.jpg,Flood,0.5,0.5,1.0,1.0
./data/images/flood_84.jpg,Flood,0.5,0.5,1.0,1.0
./data/images/flood_85.jpg,Flood,0.5,0.5,1.0,1.0
./data/images/flood_86.jpg,Flood,0.5,0.5,1.0,1.0
./data/images/flood_87.jpg,Flood,0.5,0.5,1.0,1.0
./data/images/flood_88.jpg,Flood,0.5,0.5,1.0,1.0
./data/images/flood_89.jpg,Flood,0.5,0.5,1.0,1.0
./data/images/flood_90.jpg,Flood,0.5,0.5,1.0,1.0
./data/images/flood_91.jpg,Flood,0.5,0.5,1.0,1.0
./data/images/flood_92.jpg,Flood,0.5,0.5,1.0,1.0
./data/images/flood_93.jpg,Flood,0.5,0.5,1.0,1.0
./data/images/flood_94.jpg,Flood,0.5,0.5,1.0,1.0
./data/images/flood_95.jpg,Flood,0.5,0.5,1.0,1.0
./data/images/flood_96.jpg,Flood,0.5,0.5,1.0,1.0
./data/images/flood_97.jpg,Flood,0.5,0.5,1.0,1.0
./data/images/flood_98.jpg,Flood,0.5,0.5,1.0,1.0
./data/images/flood_99.jpg,Flood,0.5,0.5,1.0,1.0
./data/images/flood_100.jpg,Flood,0.5,0.5,1.0,1.0
./data/images/theft_1.jpg,Theft,0.5,0.5,1.0,1.0
./data/images/theft_2.jpg,Theft,0.5,0.5,1.0,1.0
./data/images/theft_3.jpg,Theft,0.5,0.5,1.0,1.0
./data/images/theft_4.jpg,Theft,0.5,0.5,1.0,1.0
./data/images/theft_5.jpg,Theft,0.5,0.5,1.0,1.0
./data/images/theft_6.jpg,Theft,0.5,0.5,1.0,1.0
./data/images/theft_7.jpg,Theft,0.5,0.5,1.0,1.0
./data/images/theft_8.jpg,Theft,0.5,0.5,1.0,1.0
./data/images/theft_9.jpg,Theft,0.5,0.5,1.0,1.0
./data/images/theft_10.jpg,Theft,0.5,0.5,1.0,1.0
./data/images/theft_11.jpg,Theft,0.5,0.5,1.0,1.0
./data/images/theft_12.jpg,Theft,0.5,0.5,1.0,1.0
./data/images/theft_13.jpg,Theft,0.5,0.5,1.0,1.0
./data/images/theft_14.jpg,Theft,0.5,0.5,1.0,1.0
./data/images/theft_15.jpg,Theft,0.5,0.5,1.0,1.0
./data/images/theft_16.jpg,Theft,0.5,0.5,1.0,1.0
./data/images/theft_17.jpg,Theft,0.5,0.5,1.0,1.0
./data/images/theft_18.jpg,Theft,0.5,0.5,1.0,1.0
./data/images/theft_19.jpg,Theft,0.5,0.5,1.0,1.0
./data/images/theft_20.jpg,Theft,0.5,0.5,1.0,1.0
./data/images/theft_21.jpg,Theft,0.5,0.5,1.0,1.0
./data/images/theft_22.jpg,Theft,0.5,0.5,1.0,1.0
./data/images/theft_23.jpg,Theft,0.5,0.5,1.0,1.0
./data/images/theft_24.jpg,Theft,0.5,0.5,1.0,1.0
./data/images/theft_25.jpg,Theft,0.5,0.5,1.0,1.0
./data/images/theft_26.jpg,Theft,0.5,0.5,1.0,1.0
./data/images/theft_27.jpg,Theft,0.5,0.5,1.0,1.0
./data/images/theft_28.jpg,Theft,0.5,0.5,1.0,1.0
./data/images/theft_29.jpg,Theft,0.5,0.5,1.0,1.0
./data/images/theft_30.jpg,Theft,0.5,0.5,1.0,1.0
./data/images/theft_31.jpg,Theft,0.5,0.5,1.0,1.0
./data/images/theft_32.jpg,Theft,0.5,0.5,1.0,1.0
./data/images/theft_33.jpg,Theft,0.5,0.5,1.0,1.0
./data/images/theft_34.jpg,Theft,0.5,0.5,1.0,1.0
./data/images/theft_35.jpg,Theft,0.5,0.5,1.0,1.0
./data/images/theft_36.jpg,Theft,0.5,0.5,1.0,1.0
./data/images/theft_37.jpg,Theft,0.5,0.5,1.0,1.0
./data/images/theft_38.jpg,Theft,0.5,0.5,1.0,1.0
./data/images/theft_39.jpg,Theft,0.5,0.5,1.0,1.0
./data/images/theft_40.jpg,Theft,0.5,0.5,1.0,1.0
./data/images/theft_41.jpg,Theft,0.5,0.5,1.0,1.0
./data/images/theft_42.jpg,Theft,0.5,0.5,1.0,1.0
./data/images/theft_43.jpg,Theft,0.5,0.5,1.0,1.0
./data/images/theft_44.jpg,Theft,0.5,0.5,1.0,1.0
./data/images/theft_45.jpg,Theft,0.5,0.5,1.0,1.0
./data/images/theft_46.jpg,Theft,0.5,0.5,1.0,1.0
./data/images/theft_47.jpg,Theft,0.5,0.5,1.0,1.0
./data/images/theft_48.jpg,Theft,0.5,0.5,1.0,1.0
./data/images/theft_49.jpg,Theft,0.5,0.5,1.0,1.0
./data/images/theft_50.jpg,Theft,0.5,0.5,1.0,1.0
./data/images/theft_51.jpg,Theft,0.5,0.5,1.0,1.0
./data/images/theft_52.jpg,Theft,0.5,0.5,1.0,1.0
./data/images/theft_53.jpg,Theft,0.5,0.5,1.0,1.0
./data/images/theft_54.jpg,Theft,0.5,0.5,1.0,1.0
./data/images/theft_55.jpg,Theft,0.5,0.5,1.0,1.0
./data/images/theft_56.jpg,Theft,0.5,0.5,1.0,1.0
./data/images/theft_57.jpg,Theft,0.5,0.5,1.0,1.0
./data/images/theft_58.jpg,Theft,0.5,0.5,1.0,1.0
./data/images/theft_59.jpg,Theft,0.5,0.5,1.0,1.0
./data/images/theft_60.jpg,Theft,0.5,0.5,1.0,1.0
./data/images/theft_61.jpg,Theft,0.5,0.5,1.0,1.0
./data/images/theft_62.jpg,Theft,0.5,0.5,1.0,1.0
./data/images/theft_63.jpg,Theft,0.5,0.5,1.0,1.0
./data/images/theft_64.jpg,Theft,0.5,0.5,1.0,1.0
./data/images/theft_65.jpg,Theft,0.5,0.5,1.0,1.0
./data/images/theft_66.jpg,Theft,0.5,0.5,1.0,1.0
./data/images/theft_67.jpg,Theft,0.5,0.5,1.0,1.0
./data/images/theft_68.jpg,Theft,0.5,0.5,1.0,1.0
./data/images/theft_69.jpg,Theft,0.5,0.5,1.0,1.0
./data/images/theft_70.jpg,Theft,0.5,0.5,1.0,1.0
./data/images/theft_71.jpg,Theft,0.5,0.5,1.0,1.0
./data/images/theft_72.jpg,Theft,0.5,0.5,1.0,1.0
./data/images/theft_73.jpg,Theft,0.5,0.5,1.0,1.0
./data/images/theft_74.jpg,Theft,0.5,0.5,1.0,1.0
./data/images/theft_75.jpg,Theft,0.5,0.5,1.0,1.0
./data/images/theft_76.jpg,Theft,0.5,0.5,1.0,1.0
./data/images/theft_77.jpg,Theft,0.5,0.5,1.0,1.0
./data/images/theft_78.jpg,Theft,0.5,0.5,1.0,1.0
./data/images/theft_79.jpg,Theft,0.5,0.5,1.0,1.0
./data/images/theft_80.jpg,Theft,0.5,0.5,1.0,1.0
./data/images/theft_81.jpg,Theft,0.5,0.5,1.0,1.0
./data/images/theft_82.jpg,Theft,0.5,0.5,1.0,1.0
./data/images/theft_83.jpg,Theft,0.5,0.5,1.0,1.0
./data/images/theft_84.jpg,Theft,0.5,0.5,1.0,1.0
./data/images/theft_85.jpg,Theft,0.5,0.5,1.0,1.0
./data/images/theft_86.jpg,Theft,0.5,0.5,1.0,1.0
./data/images/theft_87.jpg,Theft,0.5,0.5,1.0,1.0
./data/images/theft_88.jpg,Theft,0.5,0.5,1.0,1.0
./data/images/theft_89.jpg,Theft,0.5,0.5,1.0,1.0
./data/images/theft_90.jpg,Theft,0.5,0.5,1.0,1.0
./data/images/theft_91.jpg,Theft,0.5,0.5,1.0,1.0
./data/images/theft_92.jpg,Theft,0.5,0.5,1.0,1.0
./data/images/theft_93.jpg,Theft,0.5,0.5,1.0,1.0
./data/images/theft_94.jpg,Theft,0.5,0.5,1.0,1.0
./data/images/theft_95.jpg,Theft,0.5,0.5,1.0,1.0
./data/images/theft_96.jpg,Theft,0.5,0.5,1.0,1.0
./data/images/theft_97.jpg,Theft,0.5,0.5,1.0,1.0
./data/images/theft_98.jpg,Theft,0.5,0.5,1.0,1.0
./data/images/theft_99.jpg,Theft,0.5,0.5,1.0,1.0
./data/images/theft_100.jpg,Theft,0.5,0.5,1.0,1.0
./data/images/accident_1.jpg,Accident,0.5,0.5,1.0,1.0
./data/images/accident_2.jpg,Accident,0.5,0.5,1.0,1.0
./data/images/accident_3.jpg,Accident,0.5,0.5,1.0,1.0
./data/images/accident_4.jpg,Accident,0.5,0.5,1.0,1.0
./data/images/accident_5.jpg,Accident,0.5,0.5,1.0,1.0
./data/images/accident_6.jpg,Accident,0.5,0.5,1.0,1.0
./data/images/accident_7.jpg,Accident,0.5,0.5,1.0,1.0
./data/images/accident_8.jpg,Accident,0.5,0.5,1.0,1.0
./data/images/accident_9.jpg,Accident,0.5,0.5,1.0,1.0
./data/images/accident_10.jpg,Accident,0.5,0.5,1.0,1.0
./data/images/accident_11.jpg,Accident,0.5,0.5,1.0,1.0
./data/images/accident_12.jpg,Accident,0.5,0.5,1.0,1.0
./data/images/accident_13.jpg,Accident,0.5,0.5,1.0,1.0
./data/images/accident_14.jpg,Accident,0.5,0.5,1.0,1.0
./data/images/accident_15.jpg,Accident,0.5,0.5,1.0,1.0
./data/images/accident_16.jpg,Accident,0.5,0.5,1.0,1.0
./data/images/accident_17.jpg,Accident,0.5,0.5,1.0,1.0
./data/images/accident_18.jpg,Accident,0.5,0.5,1.0,1.0
./data/images/accident_19.jpg,Accident,0.5,0.5,1.0,1.0
./data/images/accident_20.jpg,Accident,0.5,0.5,1.0,1.0
./data/images/accident_21.jpg,Accident,0.5,0.5,1.0,1.0
./data/images/accident_22.jpg,Accident,0.5,0.5,1.0,1.0
./data/images/accident_23.jpg,Accident,0.5,0.5,1.0,1.0
./data/images/accident_24.jpg,Accident,0.5,0.5,1.0,1.0
./data/images/accident_25.jpg,Accident,0.5,0.5,1.0,1.0
./data/images/accident_26.jpg,Accident,0.5,0.5,1.0,1.0
./data/images/accident_27.jpg,Accident,0.5,0.5,1.0,1.0
./data/images/accident_28.jpg,Accident,0.5,0.5,1.0,1.0
./data/images/accident_29.jpg,Accident,0.5,0.5,1.0,1.0
./data/images/accident_30.jpg,Accident,0.5,0.5,1.0,1.0
./data/images/accident_31.jpg,Accident,0.5,0.5,1.0,1.0
./data/images/accident_32.jpg,Accident,0.5,0.5,1.0,1.0
./data/images/accident_33.jpg,Accident,0.5,0.5,1.0,1.0
./data/images/accident_34.jpg,Accident,0.5,0.5,1.0,1.0
./data/images/accident_35.jpg,Accident,0.5,0.5,1.0,1.0
./data/images/accident_36.jpg,Accident,0.5,0.5,1.0,1.0
./data/images/accident_37.jpg,Accident,0.5,0.5,1.0,1.0
./data/images/accident_38.jpg,Accident,0.5,0.5,1.0,1.0
./data/images/accident_39.jpg,Accident,0.5,0.5,1.0,1.0
./data/images/accident_40.jpg,Accident,0.5,0.5,1.0,1.0
./data/images/accident_41.jpg,Accident,0.5,0.5,1.0,1.0
./data/images/accident_42.jpg,Accident,0.5,0.5,1.0,1.0
./data/images/accident_43.jpg,Accident,0.5,0.5,1.0,1.0
./data/images/accident_44.jpg,Accident,0.5,0.5,1.0,1.0
./data/images/accident_45.jpg,Accident,0.5,0.5,1.0,1.0
./data/images/accident_46.jpg,Accident,0.5,0.5,1.0,1.0
./data/images/accident_47.jpg,Accident,0.5,0.5,1.0,1.0
./data/images/accident_48.jpg,Accident,0.5,0.5,1.0,1.0
./data/images/accident_49.jpg,Accident,0.5,0.5,1.0,1.0
./data/images/accident_50.jpg,Accident,0.5,0.5,1.0,1.0
./data/images/accident_51.jpg,Accident,0.5,0.5,1.0,1.0
./data/images/accident_52.jpg,Accident,0.5,0.5,1.0,1.0
./data/images/accident_53.jpg,Accident,0.5,0.5,1.0,1.0
./data/images/accident_54.jpg,Accident,0.5,0.5,1.0,1.0
./data/images/accident_55.jpg,Accident,0.5,0.5,1.0,1.0
./data/images/accident_56.jpg,Accident,0.5,0.5,1.0,1.0
./data/images/accident_57.jpg,Accident,0.5,0.5,1.0,1.0
./data/images/accident_58.jpg,Accident,0.5,0.5,1.0,1.0
./data/images/accident_59.jpg,Accident,0.5,0.5,1.0,1.0
./data/images/accident_60.jpg,Accident,0.5,0.5,1.0,1.0
./data/images/accident_61.jpg,Accident,0.5,0.5,1.0,1.0
./data/images/accident_62.jpg,Accident,0.5,0.5,1.0,1.0
./data/images/accident_63.jpg,Accident,0.5,0.5,1.0,1.0
./data/images/accident_64.jpg,Accident,0.5,0.5,1.0,1.0
./data/images/accident_65.jpg,Accident,0.5,0.5,1.0,1.0
./data/images/accident_66.jpg,Accident,0.5,0.5,1.0,1.0
./data/images/accident_67.jpg,Accident,0.5,0.5,1.0,1.0
./data/images/accident_68.jpg,Accident,0.5,0.5,1.0,1.0
./data/images/accident_69.jpg,Accident,0.5,0.5,1.0,1.0
./data/images/accident_70.jpg,Accident,0.5,0.5,1.0,1.0
./data/images/accident_71.jpg,Accident,0.5,0.5,1.0,1.0
./data/images/accident_72.jpg,Accident,0.5,0.5,1.0,1.0
./data/images/accident_73.jpg,Accident,0.5,0.5,1.0,1.0
./data/images/accident_74.jpg,Accident,0.5,0.5,1.0,1.0
./data/images/accident_75.jpg,Accident,0.5,0.5,1.0,1.0
./data/images/accident_76.jpg,Accident,0.5,0.5,1.0,1.0
./data/images/accident_77.jpg,Accident,0.5,0.5,1.0,1.0
./data/images/accident_78.jpg,Accident,0.5,0.5,1.0,1.0
./data/images/accident_79.jpg,Accident,0.5,0.5,1.0,1.0
./data/images/accident_80.jpg,Accident,0.5,0.5,1.0,1.0
./data/images/accident_81.jpg,Accident,0.5,0.5,1.0,1.0
./data/images/accident_82.jpg,Accident,0.5,0.5,1.0,1.0
./data/images/accident_83.jpg,Accident,0.5,0.5,1.0,1.0
./data/images/accident_84.jpg,Accident,0.5,0.5,1.0,1.0
./data/images/accident_85.jpg,Accident,0.5,0.5,1.0,1.0
./data/images/accident_86.jpg,Accident,0.5,0.5,1.0,1.0
./data/images/accident_87.jpg,Accident,0.5,0.5,1.0,1.0
./data/images/accident_88.jpg,Accident,0.5,0.5,1.0,1.0
./data/images/accident_89.jpg,Accident,0.5,0.5,1.0,1.0
./data/images/accident_90.jpg,Accident,0.5,0.5,1.0,1.0
./data/images/accident_91.jpg,Accident,0.5,0.5,1.0,1.0
./data/images/accident_92.jpg,Accident,0.5,0.5,1.0,1.0
./data/images/accident_93.jpg,Accident,0.5,0.5,1.0,1.0
./data/images/accident_94.jpg,Accident,0.5,0.5,1.0,1.0
./data/images/accident_95.jpg,Accident,0.5,0.5,1.0,1.0
./data/images/accident_96.jpg,Accident,0.5,0.5,1.0,1.0
./data/images/accident_97.jpg,Accident,0.5,0.5,1.0,1.0
./data/images/accident_98.jpg,Accident,0.5,0.5,1.0,1.0
./data/images/accident_99.jpg,Accident,0.5,0.5,1.0,1.0
./data/images/accident_100.jpg,Accident,0.5,0.5,1.0,1.0
./data/images/fire_1.jpg,Fire,0.5,0.5,1.0,1.0
./data/images/fire_2.jpg,Fire,0.5,0.5,1.0,1.0
./data/images/fire_3.jpg,Fire,0.5,0.5,1.0,1.0
./data/images/fire_4.jpg,Fire,0.5,0.5,1.0,1.0
./data/images/fire_5.jpg,Fire,0.5,0.5,1.0,1.0
./data/images/fire_6.jpg,Fire,0.5,0.5,1.0,1.0
./data/images/fire_7.jpg,Fire,0.5,0.5,1.0,1.0
./data/images/fire_8.jpg,Fire,0.5,0.5,1.0,1.0
./data/images/fire_9.jpg,Fire,0.5,0.5,1.0,1.0
./data/images/fire_10.jpg,Fire,0.5,0.5,1.0,1.0
./data/images/fire_11.jpg,Fire,0.5,0.5,1.0,1.0
./data/images/fire_12.jpg,Fire,0.5,0.5,1.0,1.0
./data/images/fire_13.jpg,Fire,0.5,0.5,1.0,1.0
./data/images/fire_14.jpg,Fire,0.5,0.5,1.0,1.0
./data/images/fire_15.jpg,Fire,0.5,0.5,1.0,1.0
./data/images/fire_16.jpg,Fire,0.5,0.5,1.0,1.0
./data/images/fire_17.jpg,Fire,0.5,0.5,1.0,1.0
./data/images/fire_18.jpg,Fire,0.5,0.5,1.0,1.0
./data/images/fire_19.jpg,Fire,0.5,0.5,1.0,1.0
./data/images/fire_20.jpg,Fire,0.5,0.5,1.0,1.0
./data/images/fire_21.jpg,Fire,0.5,0.5,1.0,1.0
./data/images/fire_22.jpg,Fire,0.5,0.5,1.0,1.0
./data/images/fire_23.jpg,Fire,0.5,0.5,1.0,1.0
./data/images/fire_24.jpg,Fire,0.5,0.5,1.0,1.0
./data/images/fire_25.jpg,Fire,0.5,0.5,1.0,1.0
./data/images/fire_26.jpg,Fire,0.5,0.5,1.0,1.0
./data/images/fire_27.jpg,Fire,0.5,0.5,1.0,1.0
./data/images/fire_28.jpg,Fire,0.5,0.5,1.0,1.0
./data/images/fire_29.jpg,Fire,0.5,0.5,1.0,1.0
./data/images/fire_30.jpg,Fire,0.5,0.5,1.0,1.0
./data/images/fire_31.jpg,Fire,0.5,0.5,1.0,1.0
./data/images/fire_32.jpg,Fire,0.5,0.5,1.0,1.0
./data/images/fire_33.jpg,Fire,0.5,0.5,1.0,1.0
./data/images/fire_34.jpg,Fire,0.5,0.5,1.0,1.0
./data/images/fire_35.jpg,Fire,0.5,0.5,1.0,1.0
./data/images/fire_36.jpg,Fire,0.5,0.5,1.0,1.0
./data/images/fire_37.jpg,Fire,0.5,0.5,1.0,1.0
./data/images/fire_38.jpg,Fire,0.5,0.5,1.0,1.0
./data/images/fire_39.jpg,Fire,0.5,0.5,1.0,1.0
./data/images/fire_40.jpg,Fire,0.5,0.5,1.0,1.0
./data/images/fire_41.jpg,Fire,0.5,0.5,1.0,1.0
./data/images/fire_42.jpg,Fire,0.5,0.5,1.0,1.0
./data/images/fire_43.jpg,Fire,0.5,0.5,1.0,1.0
./data/images/fire_44.jpg,Fire,0.5,0.5,1.0,1.0
./data/images/fire_45.jpg,Fire,0.5,0.5,1.0,1.0
./data/images/fire_46.jpg,Fire,0.5,0.5,1.0,1.0
./data/images/fire_47.jpg,Fire,0.5,0.5,1.0,1.0
./data/images/fire_48.jpg,Fire,0.5,0.5,1.0,1.0
./data/images/fire_49.jpg,Fire,0.5,0.5,1.0,1.0
./data/images/fire_50.jpg,Fire,0.5,0.5,1.0,1.0
./data/images/fire_51.jpg,Fire,0.5,0.5,1.0,1.0
./data/images/fire_52.jpg,Fire,0.5,0.5,1.0,1.0
./data/images/fire_53.jpg,Fire,0.5,0.5,1.0,1.0
./data/images/fire_54.jpg,Fire,0.5,0.5,1.0,1.0
./data/images/fire_55.jpg,Fire,0.5,0.5,1.0,1.0
./data/images/fire_56.jpg,Fire,0.5,0.5,1.0,1.0
./data/images/fire_57.jpg,Fire,0.5,0.5,1.0,1.0
./data/images/fire_58.jpg,Fire,0.5,0.5,1.0,1.0
./data/images/fire_59.jpg,Fire,0.5,0.5,1.0,1.0
./data/images/fire_60.jpg,Fire,0.5,0.5,1.0,1.0
./data/images/fire_61.jpg,Fire,0.5,0.5,1.0,1.0
./data/images/fire_62.jpg,Fire,0.5,0.5,1.0,1.0
./data/images/fire_63.jpg,Fire,0.5,0.5,1.0,1.0
./data/images/fire_64.jpg,Fire,0.5,0.5,1.0,1.0
./data/images/fire_65.jpg,Fire,0.5,0.5,1.0,1.0
./data/images/fire_66.jpg,Fire,0.5,0.5,1.0,1.0
./data/images/fire_67.jpg,Fire,0.5,0.5,1.0,1.0
./data/images/fire_68.jpg,Fire,0.5,0.5,1.0,1.0
./data/images/fire_69.jpg,Fire,0.5,0.5,1.0,1.0
./data/images/fire_70.jpg,Fire,0.5,0.5,1.0,1.0
./data/images/fire_71.jpg,Fire,0.5,0.5,1.0,1.0
./data/images/fire_72.jpg,Fire,0.5,0.5,1.0,1.0
./data/images/fire_73.jpg,Fire,0.5,0.5,1.0,1.0
./data/images/fire_74.jpg,Fire,0.5,0.5,1.0,1.0
./data/images/fire_75.jpg,Fire,0.5,0.5,1.0,1.0
./data/images/fire_76.jpg,Fire,0.5,0.5,1.0,1.0
./data/images/fire_77.jpg,Fire,0.5,0.5,1.0,1.0
./data/images/fire_78.jpg,Fire,0.5,0.5,1.0,1.0
./data/images/fire_79.jpg,Fire,0.5,0.5,1.0,1.0
./data/images/fire_80.jpg,Fire,0.5,0.5,1.0,1.0
./data/images/fire_81.jpg,Fire,0.5,0.5,1.0,1.0
./data/images/fire_82.jpg,Fire,0.5,0.5,1.0,1.0
./data/images/fire_83.jpg,Fire,0.5,0.5,1.0,1.0
./data/images/fire_84.jpg,Fire,0.5,0.5,1.0,1.0
./data/images/fire_85.jpg,Fire,0.5,0.5,1.0,1.0
./data/images/fire_86.jpg,Fire,0.5,0.5,1.0,1.0
./data/images/fire_87.jpg,Fire,0.5,0.5,1.0,1.0
./data/images/fire_88.jpg,Fire,0.5,0.5,1.0,1.0
./data/images/fire_89.jpg,Fire,0.5,0.5,1.0,1.0
./data/images/fire_90.jpg,Fire,0.5,0.5,1.0,1.0
./data/images/fire_91.jpg,Fire,0.5,0.5,1.0,1.0
./data/images/fire_92.jpg,Fire,0.5,0.5,1.0,1.0
./data/images/fire_93.jpg,Fire,0.5,0.5,1.0,1.0
./data/images/fire_94.jpg,Fire,0.5,0.5,1.0,1.0
./data/images/fire_95.jpg,Fire,0.5,0.5,1.0,1.0
./data/images/fire_96.jpg,Fire,0.5,0.5,1.0,1.0
./data/images/fire_97.jpg,Fire,0.5,0.5,1.0,1.0
./data/images/fire_98.jpg,Fire,0.5,0.5,1.0,1.0
./data/images/fire_99.jpg,Fire,0.5,0.5,1.0,1.0
./data/images/fire_100.jpg,Fire,0.5,0.5,1.0,1.0
./data/images/earthquake_1.jpg,Earthquake,0.5,0.5,1.0,1.0
./data/images/earthquake_2.jpg,Earthquake,0.5,0.5,1.0,1.0
./data/images/earthquake_3.jpg,Earthquake,0.5,0.5,1.0,1.0
./data/images/earthquake_4.jpg,Earthquake,0.5,0.5,1.0,1.0
./data/images/earthquake_5.jpg,Earthquake,0.5,0.5,1.0,1.0
./data/images/earthquake_6.jpg,Earthquake,0.5,0.5,1.0,1.0
./data/images/earthquake_7.jpg,Earthquake,0.5,0.5,1.0,1.0
./data/images/earthquake_8.jpg,Earthquake,0.5,0.5,1.0,1.0
./data/images/earthquake_9.jpg,Earthquake,0.5,0.5,1.0,1.0
./data/images/earthquake_10.jpg,Earthquake,0.5,0.5,1.0,1.0
./data/images/earthquake_11.jpg,Earthquake,0.5,0.5,1.0,1.0
./data/images/earthquake_12.jpg,Earthquake,0.5,0.5,1.0,1.0
./data/images/earthquake_13.jpg,Earthquake,0.5,0.5,1.0,1.0
./data/images/earthquake_14.jpg,Earthquake,0.5,0.5,1.0,1.0
./data/images/drink_drive_1.jpg,Drink and Drive,0.5,0.5,1.0,1.0
./data/images/drink_drive_2.jpg,Drink and Drive,0.5,0.5,1.0,1.0
./data/images/drink_drive_3.jpg,Drink and Drive,0.5,0.5,1.0,1.0
./data/images/drink_drive_4.jpg,Drink and Drive,0.5,0.5,1.0,1.0
./data/images/drink_drive_5.jpg,Drink and Drive,0.5,0.5,1.0,1.0
./data/images/drink_drive_6.jpg,Drink and Drive,0.5,0.5,1.0,1.0
./data/images/drink_drive_7.jpg,Drink and Drive,0.5,0.5,1.0,1.0
./data/images/drink_drive_8.jpg,Drink and Drive,0.5,0.5,1.0,1.0
./data/images/drink_drive_9.jpg,Drink and Drive,0.5,0.5,1.0,1.0
./data/images/drink_drive_10.jpg,Drink and Drive,0.5,0.5,1.0,1.0
./data/images/drink_drive_11.jpg,Drink and Drive,0.5,0.5,1.0,1.0
./data/images/drink_drive_12.jpg,Drink and Drive,0.5,0.5,1.0,1.0
./data/images/drink_drive_13.jpg,Drink and Drive,0.5,0.5,1.0,1.0
./data/images/drink_drive_14.jpg,Drink and Drive,0.5,0.5,1.0,1.0
./data/images/drink_drive_15.jpg,Drink and Drive,0.5,0.5,1.0,1.0
